<?xml version="1.0" encoding="UTF-8"?>
<project-private xmlns="http://www.netbeans.org/ns/project-private/1">
    <editor-bookmarks xmlns="http://www.netbeans.org/ns/editor-bookmarks/2" lastBookmarkId="0"/>
    <open-files xmlns="http://www.netbeans.org/ns/projectui-open-files/2">
        <group>
            <file>file:/F:/Library%20Assistant/src/library/assistant/ui/main/src/sample/Controller.java</file>
            <file>file:/F:/Library%20Assistant/src/library/assistant/database/DatabaseHandler.java</file>
            <file>file:/F:/Library%20Assistant/src/library/assistant/ui/main/src/sample/Main.java</file>
        </group>
    </open-files>
</project-private>
